Month,HS Code,Category,Value EUR,Net Weight kg
2011-01,52,"Cotton yarn & woven cotton",437859,93169
2011-02,52,"Cotton yarn & woven cotton",730955,124571
2011-03,52,"Cotton yarn & woven cotton",971957,263856
2011-04,52,"Cotton yarn & woven cotton",678910,104076
2011-05,52,"Cotton yarn & woven cotton",1121600,188689
2011-06,52,"Cotton yarn & woven cotton",986809,172657
2011-07,52,"Cotton yarn & woven cotton",1049862,222673.99999999997
2011-08,52,"Cotton yarn & woven cotton",604624,118006
2011-09,52,"Cotton yarn & woven cotton",725562,139004
2011-10,52,"Cotton yarn & woven cotton",1242797,289272
2011-11,52,"Cotton yarn & woven cotton",1202476,435829
2011-12,52,"Cotton yarn & woven cotton",673012,118248
2012-01,52,"Cotton yarn & woven cotton",978583,232896.99999999997
2012-02,52,"Cotton yarn & woven cotton",823139,207335
2012-03,52,"Cotton yarn & woven cotton",933831,203952
2012-04,52,"Cotton yarn & woven cotton",823263,166445
2012-05,52,"Cotton yarn & woven cotton",502265,60522
2012-06,52,"Cotton yarn & woven cotton",675475,214258
2012-07,52,"Cotton yarn & woven cotton",1125193,478755
2012-08,52,"Cotton yarn & woven cotton",643636,115638.00000000001
2012-09,52,"Cotton yarn & woven cotton",738316,124458.99999999999
2012-10,52,"Cotton yarn & woven cotton",958980,191768
2012-11,52,"Cotton yarn & woven cotton",680475,170939
2012-12,52,"Cotton yarn & woven cotton",1075849,362530
2013-01,52,"Cotton yarn & woven cotton",737767,167835
2013-02,52,"Cotton yarn & woven cotton",895787,256632.00000000003
2013-03,52,"Cotton yarn & woven cotton",959068,312080
2013-04,52,"Cotton yarn & woven cotton",912419,220585
2013-05,52,"Cotton yarn & woven cotton",574079,74955
2013-06,52,"Cotton yarn & woven cotton",884376,266385
2013-07,52,"Cotton yarn & woven cotton",846688,197461
2013-08,52,"Cotton yarn & woven cotton",748514,171275
2013-09,52,"Cotton yarn & woven cotton",978399,246869.99999999997
2013-10,52,"Cotton yarn & woven cotton",619708,250932.00000000003
2013-11,52,"Cotton yarn & woven cotton",880895,378686
2013-12,52,"Cotton yarn & woven cotton",614506,204763
2014-01,52,"Cotton yarn & woven cotton",1046319,445179
2014-02,52,"Cotton yarn & woven cotton",1143666,430362
2014-03,52,"Cotton yarn & woven cotton",689333,118975
2014-04,52,"Cotton yarn & woven cotton",986656,330730
2014-05,52,"Cotton yarn & woven cotton",800825,266939
2014-06,52,"Cotton yarn & woven cotton",904624,278462
2014-07,52,"Cotton yarn & woven cotton",831954,208134
2014-08,52,"Cotton yarn & woven cotton",571379,174339
2014-09,52,"Cotton yarn & woven cotton",788754,170316
2014-10,52,"Cotton yarn & woven cotton",670950,210494.99999999997
2014-11,52,"Cotton yarn & woven cotton",602210,171129
2014-12,52,"Cotton yarn & woven cotton",794514,143065
2015-01,52,"Cotton yarn & woven cotton",1204862,228663
2015-02,52,"Cotton yarn & woven cotton",821042,148723
2015-03,52,"Cotton yarn & woven cotton",902239,167466
2015-04,52,"Cotton yarn & woven cotton",1005665,195839
2015-05,52,"Cotton yarn & woven cotton",623553,92952
2015-06,52,"Cotton yarn & woven cotton",719142,127013.00000000001
2015-07,52,"Cotton yarn & woven cotton",883247,181080
2015-08,52,"Cotton yarn & woven cotton",600330,230279
2015-09,52,"Cotton yarn & woven cotton",615642,136343
2015-10,52,"Cotton yarn & woven cotton",885218,179891
2015-11,52,"Cotton yarn & woven cotton",650832,132422
2015-12,52,"Cotton yarn & woven cotton",605989,99785
2016-01,52,"Cotton yarn & woven cotton",950367,371035
2016-02,52,"Cotton yarn & woven cotton",1041511,271633
2016-03,52,"Cotton yarn & woven cotton",1114308,303399
2016-04,52,"Cotton yarn & woven cotton",992252,297229
2016-05,52,"Cotton yarn & woven cotton",789779,263839
2016-06,52,"Cotton yarn & woven cotton",1407626,177104
2016-07,52,"Cotton yarn & woven cotton",665321,128167
2016-08,52,"Cotton yarn & woven cotton",373970,44844
2016-09,52,"Cotton yarn & woven cotton",763644,119491.00000000001
2016-10,52,"Cotton yarn & woven cotton",812095,137126
2016-11,52,"Cotton yarn & woven cotton",1045756,168794
2016-12,52,"Cotton yarn & woven cotton",847222,192371
2017-01,52,"Cotton yarn & woven cotton",770936,168857
2017-02,52,"Cotton yarn & woven cotton",639678,132897
2017-03,52,"Cotton yarn & woven cotton",886099,180922
2017-04,52,"Cotton yarn & woven cotton",560969,170873
2017-05,52,"Cotton yarn & woven cotton",785194,172740
2017-06,52,"Cotton yarn & woven cotton",864482,234012
2017-07,52,"Cotton yarn & woven cotton",675371,165135
2017-08,52,"Cotton yarn & woven cotton",414948,102305
2017-09,52,"Cotton yarn & woven cotton",578172,106133.99999999999
2017-10,52,"Cotton yarn & woven cotton",752074,162794
2017-11,52,"Cotton yarn & woven cotton",712380,121873
2017-12,52,"Cotton yarn & woven cotton",538658,111850
2018-01,52,"Cotton yarn & woven cotton",1062459,199123
2018-02,52,"Cotton yarn & woven cotton",343332,59092.99999999999
2018-03,52,"Cotton yarn & woven cotton",623545,119304
2018-04,52,"Cotton yarn & woven cotton",711700,145908
2018-05,52,"Cotton yarn & woven cotton",649307,239873.99999999997
2018-06,52,"Cotton yarn & woven cotton",715510,123060.99999999999
2018-07,52,"Cotton yarn & woven cotton",438943,82924
2018-08,52,"Cotton yarn & woven cotton",368660,37588
2018-09,52,"Cotton yarn & woven cotton",663727,163236
2018-10,52,"Cotton yarn & woven cotton",1030423,238344
2018-11,52,"Cotton yarn & woven cotton",705830,118721
2018-12,52,"Cotton yarn & woven cotton",697441,132456
2019-01,52,"Cotton yarn & woven cotton",529614,65202
2019-02,52,"Cotton yarn & woven cotton",574221,70673
2019-03,52,"Cotton yarn & woven cotton",316190,48317
2019-04,52,"Cotton yarn & woven cotton",765546,127871
2019-05,52,"Cotton yarn & woven cotton",733105,145487
2019-06,52,"Cotton yarn & woven cotton",579284,80887
2019-07,52,"Cotton yarn & woven cotton",962342,176071
2019-08,52,"Cotton yarn & woven cotton",550255,76307
2019-09,52,"Cotton yarn & woven cotton",633880,134425
2019-10,52,"Cotton yarn & woven cotton",568979,83948
2019-11,52,"Cotton yarn & woven cotton",864702,112723
2019-12,52,"Cotton yarn & woven cotton",537793,62345.00000000001
2020-01,52,"Cotton yarn & woven cotton",580132,103313.00000000001
2020-02,52,"Cotton yarn & woven cotton",624779,100661
2020-03,52,"Cotton yarn & woven cotton",678094,124330
2020-04,52,"Cotton yarn & woven cotton",370131,73249
2020-05,52,"Cotton yarn & woven cotton",169403,31075
2020-06,52,"Cotton yarn & woven cotton",367287,101792
2020-07,52,"Cotton yarn & woven cotton",818958,349511
2020-08,52,"Cotton yarn & woven cotton",709891,248194
2020-09,52,"Cotton yarn & woven cotton",756342,262915
2020-10,52,"Cotton yarn & woven cotton",582463,242362
2020-11,52,"Cotton yarn & woven cotton",602459,190309
2020-12,52,"Cotton yarn & woven cotton",539227,104583.99999999999
2021-01,52,"Cotton yarn & woven cotton",713069,148715
2021-02,52,"Cotton yarn & woven cotton",899134,165469
2021-03,52,"Cotton yarn & woven cotton",626773,81209
2021-04,52,"Cotton yarn & woven cotton",986799,169620
2021-05,52,"Cotton yarn & woven cotton",752768,345761
2021-06,52,"Cotton yarn & woven cotton",610306,118115.00000000001
2021-07,52,"Cotton yarn & woven cotton",1065275,258002
2021-08,52,"Cotton yarn & woven cotton",541103,89563
2021-09,52,"Cotton yarn & woven cotton",577470,51775
2021-10,52,"Cotton yarn & woven cotton",1003326,171584
2021-11,52,"Cotton yarn & woven cotton",793950,72312
2021-12,52,"Cotton yarn & woven cotton",1490042,286596
2022-01,52,"Cotton yarn & woven cotton",1111851,188811
2022-02,52,"Cotton yarn & woven cotton",825819,122006
2022-03,52,"Cotton yarn & woven cotton",919337,301141
2022-04,52,"Cotton yarn & woven cotton",1325483,326877
2022-05,52,"Cotton yarn & woven cotton",2225443,629249
2022-06,52,"Cotton yarn & woven cotton",886640,116648
2022-07,52,"Cotton yarn & woven cotton",1124323,176423
2022-08,52,"Cotton yarn & woven cotton",764091,72719
2022-09,52,"Cotton yarn & woven cotton",738102,181961
2022-10,52,"Cotton yarn & woven cotton",1121851,203086
2022-11,52,"Cotton yarn & woven cotton",1039618,176877
2022-12,52,"Cotton yarn & woven cotton",1172009,236689
2023-01,52,"Cotton yarn & woven cotton",1174666,138970
2023-02,52,"Cotton yarn & woven cotton",766916,96536
2023-03,52,"Cotton yarn & woven cotton",897599,92315
2023-04,52,"Cotton yarn & woven cotton",1347318,196420
2023-05,52,"Cotton yarn & woven cotton",1374828,245235
2023-06,52,"Cotton yarn & woven cotton",913457,129881
2023-07,52,"Cotton yarn & woven cotton",1352766,269075
2023-08,52,"Cotton yarn & woven cotton",1360487,352041
2023-09,52,"Cotton yarn & woven cotton",1042640,373863
2023-10,52,"Cotton yarn & woven cotton",1498940,334764
2023-11,52,"Cotton yarn & woven cotton",989301,175243
2023-12,52,"Cotton yarn & woven cotton",630967,97793
2024-01,52,"Cotton yarn & woven cotton",1125282,147586
2024-02,52,"Cotton yarn & woven cotton",781894,150774
2024-03,52,"Cotton yarn & woven cotton",900039,179529
2024-04,52,"Cotton yarn & woven cotton",970512,228301.00000000003
2024-05,52,"Cotton yarn & woven cotton",1136023,213526.00000000003
2024-06,52,"Cotton yarn & woven cotton",1093231,251044
2024-07,52,"Cotton yarn & woven cotton",1736243,454635.00000000006
2024-08,52,"Cotton yarn & woven cotton",719548,129627
2024-09,52,"Cotton yarn & woven cotton",1009723,123138.00000000001
2024-10,52,"Cotton yarn & woven cotton",1231043,127442
2024-11,52,"Cotton yarn & woven cotton",1076394,172400
2024-12,52,"Cotton yarn & woven cotton",767523,103260.99999999999
2025-01,52,"Cotton yarn & woven cotton",894921,131767
2025-02,52,"Cotton yarn & woven cotton",881211,172749
2025-03,52,"Cotton yarn & woven cotton",1784869,456864.00000000006
2025-04,52,"Cotton yarn & woven cotton",1092735,195278
2025-05,52,"Cotton yarn & woven cotton",1226468,202381
2025-06,52,"Cotton yarn & woven cotton",1414501,287244
2025-07,52,"Cotton yarn & woven cotton",1541998,377574
2025-08,52,"Cotton yarn & woven cotton",924151,249137
2025-09,52,"Cotton yarn & woven cotton",997366,280343
2025-10,52,"Cotton yarn & woven cotton",1027273,166094
2025-11,52,"Cotton yarn & woven cotton",1201681,379289
2025-12,52,"Cotton yarn & woven cotton",883804,138951
2026-01,52,"Cotton yarn & woven cotton",1022641,112098
2026-02,52,"Cotton yarn & woven cotton",1199374,261160
2026-03,52,"Cotton yarn & woven cotton",990291,140707
2026-04,52,"Cotton yarn & woven cotton",1022388,218588
2026-05,52,"Cotton yarn & woven cotton",1448396,255803.00000000003
2026-06,52,"Cotton yarn & woven cotton",1019780,193875
2011-01,61,"Knitted apparel",29374404,1644916
2011-02,61,"Knitted apparel",33260760,1828578
2011-03,61,"Knitted apparel",35292536,1918308.0000000002
2011-04,61,"Knitted apparel",24012588,1304418
2011-05,61,"Knitted apparel",26587733,1441467
2011-06,61,"Knitted apparel",32475427,1807749.0000000002
2011-07,61,"Knitted apparel",36379229,1995609.9999999998
2011-08,61,"Knitted apparel",31291111,1747938
2011-09,61,"Knitted apparel",21029273,1189028
2011-10,61,"Knitted apparel",14685466,826508
2011-11,61,"Knitted apparel",17519809,975339
2011-12,61,"Knitted apparel",24759650,1261158
2012-01,61,"Knitted apparel",29120733,1434170
2012-02,61,"Knitted apparel",27696281,1324286
2012-03,61,"Knitted apparel",21683569,1079254
2012-04,61,"Knitted apparel",18094207,954810
2012-05,61,"Knitted apparel",17795369,1005956
2012-06,61,"Knitted apparel",24771213,1413770
2012-07,61,"Knitted apparel",28547942,1525008
2012-08,61,"Knitted apparel",21194721,1139964
2012-09,61,"Knitted apparel",13593176,738875
2012-10,61,"Knitted apparel",12890722,724125
2012-11,61,"Knitted apparel",17173086,1061832
2012-12,61,"Knitted apparel",21067914,1215220
2013-01,61,"Knitted apparel",24889337,1259942
2013-02,61,"Knitted apparel",24699391,1258820
2013-03,61,"Knitted apparel",24966437,1274447
2013-04,61,"Knitted apparel",23720229,1280230
2013-05,61,"Knitted apparel",21448140,1237499
2013-06,61,"Knitted apparel",24186918,1432011
2013-07,61,"Knitted apparel",32766522,1930290.0000000002
2013-08,61,"Knitted apparel",23520679,1390882
2013-09,61,"Knitted apparel",16683187,973371.9999999999
2013-10,61,"Knitted apparel",15603353,968629.9999999999
2013-11,61,"Knitted apparel",21494143,1364708
2013-12,61,"Knitted apparel",23178458,1363025
2014-01,61,"Knitted apparel",31241635,1699583.0000000002
2014-02,61,"Knitted apparel",27591892,1472579
2014-03,61,"Knitted apparel",28212048,1529588
2014-04,61,"Knitted apparel",30420958,1847937
2014-05,61,"Knitted apparel",31688509,2002841.9999999998
2014-06,61,"Knitted apparel",39413384,2526580
2014-07,61,"Knitted apparel",42402818,2664241
2014-08,61,"Knitted apparel",33598199,2133734
2014-09,61,"Knitted apparel",26964414,1713834
2014-10,61,"Knitted apparel",23203224,1492633
2014-11,61,"Knitted apparel",27489172,1777766
2014-12,61,"Knitted apparel",33309657,1965614
2015-01,61,"Knitted apparel",39458602,2250144
2015-02,61,"Knitted apparel",34152518,1861849.0000000002
2015-03,61,"Knitted apparel",40888949,2260823
2015-04,61,"Knitted apparel",35623741,1918139
2015-05,61,"Knitted apparel",27346274,1489838
2015-06,61,"Knitted apparel",34657008,1935053
2015-07,61,"Knitted apparel",34922910,1891859.9999999998
2015-08,61,"Knitted apparel",28270015,1583951
2015-09,61,"Knitted apparel",20295407,1140951
2015-10,61,"Knitted apparel",19079376,1088943
2015-11,61,"Knitted apparel",18599668,1068578
2015-12,61,"Knitted apparel",26967839,1490536
2016-01,61,"Knitted apparel",28313979,1497761
2016-02,61,"Knitted apparel",30645578,1604108
2016-03,61,"Knitted apparel",31174602,1606530
2016-04,61,"Knitted apparel",26695692,1455233
2016-05,61,"Knitted apparel",27402948,1534532
2016-06,61,"Knitted apparel",37254921,2150678
2016-07,61,"Knitted apparel",30447569,1738263
2016-08,61,"Knitted apparel",32752870,1967229
2016-09,61,"Knitted apparel",20793310,1210285
2016-10,61,"Knitted apparel",18297842,1092281
2016-11,61,"Knitted apparel",21572026,1251129
2016-12,61,"Knitted apparel",25383301,1425503
2017-01,61,"Knitted apparel",26153482,1364233
2017-02,61,"Knitted apparel",27900569,1444888
2017-03,61,"Knitted apparel",34200510,1757013
2017-04,61,"Knitted apparel",28212026,1456639
2017-05,61,"Knitted apparel",28954173,1495308
2017-06,61,"Knitted apparel",35352870,1966518.9999999998
2017-07,61,"Knitted apparel",32958798,1826525.9999999998
2017-08,61,"Knitted apparel",30074020,1806021
2017-09,61,"Knitted apparel",22076773,1379996
2017-10,61,"Knitted apparel",16408492,1033169
2017-11,61,"Knitted apparel",23212368,1441189
2017-12,61,"Knitted apparel",25258681,1445262
2018-01,61,"Knitted apparel",29293099,1550518
2018-02,61,"Knitted apparel",29909778,1607382
2018-03,61,"Knitted apparel",29080056,1526356
2018-04,61,"Knitted apparel",27324565,1468710
2018-05,61,"Knitted apparel",29269057,1646041
2018-06,61,"Knitted apparel",34917863,1912868
2018-07,61,"Knitted apparel",33456438,1861340.0000000002
2018-08,61,"Knitted apparel",28941839,1649091.9999999998
2018-09,61,"Knitted apparel",20432583,1197839
2018-10,61,"Knitted apparel",19278302,1158578
2018-11,61,"Knitted apparel",24901449,1509691
2018-12,61,"Knitted apparel",26455601,1507399
2019-01,61,"Knitted apparel",33233388,1743489
2019-02,61,"Knitted apparel",29509810,1532119
2019-03,61,"Knitted apparel",29415399,1498923
2019-04,61,"Knitted apparel",30550204,1606230
2019-05,61,"Knitted apparel",27971242,1491645
2019-06,61,"Knitted apparel",35880377,1960663
2019-07,61,"Knitted apparel",37367819,2132444
2019-08,61,"Knitted apparel",26663933,1485684
2019-09,61,"Knitted apparel",20672713,1156315
2019-10,61,"Knitted apparel",17111402,955207
2019-11,61,"Knitted apparel",18642354,1048510
2019-12,61,"Knitted apparel",23880978,1376432
2020-01,61,"Knitted apparel",26235749,1327935
2020-02,61,"Knitted apparel",28233242,1443764
2020-03,61,"Knitted apparel",17682829,878885
2020-04,61,"Knitted apparel",13533384,794363
2020-05,61,"Knitted apparel",13149950,556918
2020-06,61,"Knitted apparel",18334669,898260
2020-07,61,"Knitted apparel",24049930,1365246
2020-08,61,"Knitted apparel",24384501,1345333
2020-09,61,"Knitted apparel",20879302,1147249
2020-10,61,"Knitted apparel",17471720,962812.9999999999
2020-11,61,"Knitted apparel",14053892,834445.0000000001
2020-12,61,"Knitted apparel",16968763,1013284
2021-01,61,"Knitted apparel",21911616,1239176
2021-02,61,"Knitted apparel",28047148,1521475
2021-03,61,"Knitted apparel",28244842,1504619
2021-04,61,"Knitted apparel",20339380,1043939
2021-05,61,"Knitted apparel",19442903,1014689
2021-06,61,"Knitted apparel",25309403,1455178
2021-07,61,"Knitted apparel",25629940,1370665
2021-08,61,"Knitted apparel",23473722,1250586
2021-09,61,"Knitted apparel",24750908,1476341
2021-10,61,"Knitted apparel",21246373,1276300
2021-11,61,"Knitted apparel",18540323,1036541
2021-12,61,"Knitted apparel",26351435,1383739
2022-01,61,"Knitted apparel",33354052,1704909.9999999998
2022-02,61,"Knitted apparel",25653379,1240825
2022-03,61,"Knitted apparel",31519521,1498762
2022-04,61,"Knitted apparel",29188664,1361611
2022-05,61,"Knitted apparel",28008482,1361929
2022-06,61,"Knitted apparel",38344169,1881373
2022-07,61,"Knitted apparel",32510049,1567182
2022-08,61,"Knitted apparel",31999541,1538432
2022-09,61,"Knitted apparel",21628639,938814
2022-10,61,"Knitted apparel",21748696,1016343
2022-11,61,"Knitted apparel",21905886,1021801
2022-12,61,"Knitted apparel",30570663,1430012
2023-01,61,"Knitted apparel",29750831,1356122
2023-02,61,"Knitted apparel",29604104,1315357
2023-03,61,"Knitted apparel",26060990,1178740
2023-04,61,"Knitted apparel",22852674,1034281
2023-05,61,"Knitted apparel",31088175,1597554
2023-06,61,"Knitted apparel",32549153,1652559.9999999998
2023-07,61,"Knitted apparel",30423394,1554423
2023-08,61,"Knitted apparel",29445544,1626296
2023-09,61,"Knitted apparel",20592349,1141307
2023-10,61,"Knitted apparel",21765149,1237816
2023-11,61,"Knitted apparel",25195025,1565609
2023-12,61,"Knitted apparel",23658607,1360965
2024-01,61,"Knitted apparel",21873972,1080758
2024-02,61,"Knitted apparel",28246751,1440207
2024-03,61,"Knitted apparel",29422071,1538937
2024-04,61,"Knitted apparel",25058934,1259202
2024-05,61,"Knitted apparel",30372529,1623812
2024-06,61,"Knitted apparel",29604828,1586838
2024-07,61,"Knitted apparel",33715304,1819634.9999999998
2024-08,61,"Knitted apparel",27150664,1484965
2024-09,61,"Knitted apparel",20788205,1174550
2024-10,61,"Knitted apparel",19763479,1134368
2024-11,61,"Knitted apparel",19896902,1145785
2024-12,61,"Knitted apparel",25034272,1438293
2025-01,61,"Knitted apparel",27310150,1422445
2025-02,61,"Knitted apparel",28414942,1442187
2025-03,61,"Knitted apparel",33135779,1803543
2025-04,61,"Knitted apparel",30484914,1663287
2025-05,61,"Knitted apparel",31979426,1845955
2025-06,61,"Knitted apparel",28080964,1584242
2025-07,61,"Knitted apparel",33150621,1933181.0000000002
2025-08,61,"Knitted apparel",27457714,1523496
2025-09,61,"Knitted apparel",20014694,1149533
2025-10,61,"Knitted apparel",18137733,1098896
2025-11,61,"Knitted apparel",20170099,1207020
2025-12,61,"Knitted apparel",20682622,1225995
2026-01,61,"Knitted apparel",26435629,1406337
2026-02,61,"Knitted apparel",27996239,1552564
2026-03,61,"Knitted apparel",31275887,1782630
2026-04,61,"Knitted apparel",26745953,1391636
2026-05,61,"Knitted apparel",28696769,1688809
2026-06,61,"Knitted apparel",30081799,1766386
2011-01,62,"Woven apparel",37059564,1242263
2011-02,62,"Woven apparel",46806094,1614091
2011-03,62,"Woven apparel",52058916,1782504
2011-04,62,"Woven apparel",44152811,1566230
2011-05,62,"Woven apparel",40675943,1441101
2011-06,62,"Woven apparel",34678643,1226246
2011-07,62,"Woven apparel",31240104,1094132
2011-08,62,"Woven apparel",24542393,843204.0000000001
2011-09,62,"Woven apparel",19113666,758119
2011-10,62,"Woven apparel",12744201,482192
2011-11,62,"Woven apparel",16690304,658293
2011-12,62,"Woven apparel",26685189,931216
2012-01,62,"Woven apparel",43610343,1400009
2012-02,62,"Woven apparel",49134382,1525929
2012-03,62,"Woven apparel",40578650,1344465
2012-04,62,"Woven apparel",31048856,1088346
2012-05,62,"Woven apparel",23233293,853779.0000000001
2012-06,62,"Woven apparel",23759815,869570.9999999999
2012-07,62,"Woven apparel",26813397,969686
2012-08,62,"Woven apparel",22584383,832411
2012-09,62,"Woven apparel",13822291,551037
2012-10,62,"Woven apparel",11369195,434979
2012-11,62,"Woven apparel",14305306,560753
2012-12,62,"Woven apparel",20841463,741657
2013-01,62,"Woven apparel",35157562,1205535
2013-02,62,"Woven apparel",35042041,1277142
2013-03,62,"Woven apparel",37320260,1308397
2013-04,62,"Woven apparel",34185772,1170519
2013-05,62,"Woven apparel",24704981,880103.0000000001
2013-06,62,"Woven apparel",26372158,950331
2013-07,62,"Woven apparel",28151171,985782
2013-08,62,"Woven apparel",18850699,665005
2013-09,62,"Woven apparel",14843455,575186
2013-10,62,"Woven apparel",12644251,512906.00000000006
2013-11,62,"Woven apparel",12041431,469379
2013-12,62,"Woven apparel",19257579,711681
2014-01,62,"Woven apparel",35590483,1292488
2014-02,62,"Woven apparel",35680594,1228785
2014-03,62,"Woven apparel",40985442,1504660
2014-04,62,"Woven apparel",35219074,1326701
2014-05,62,"Woven apparel",29843127,1167324
2014-06,62,"Woven apparel",31430725,1293677
2014-07,62,"Woven apparel",30466515,1147745
2014-08,62,"Woven apparel",20572088,857556
2014-09,62,"Woven apparel",18356302,853778.0000000001
2014-10,62,"Woven apparel",15444242,673073
2014-11,62,"Woven apparel",16982703,678824
2014-12,62,"Woven apparel",24771731,913726
2015-01,62,"Woven apparel",35720915,1222120
2015-02,62,"Woven apparel",40558331,1476182
2015-03,62,"Woven apparel",44587019,1476973
2015-04,62,"Woven apparel",38163955,1326660
2015-05,62,"Woven apparel",23951796,904448
2015-06,62,"Woven apparel",25795317,925603.0000000001
2015-07,62,"Woven apparel",26401730,920868
2015-08,62,"Woven apparel",21289799,767906
2015-09,62,"Woven apparel",16189183,589720
2015-10,62,"Woven apparel",15580189,646909
2015-11,62,"Woven apparel",16229866,625093
2015-12,62,"Woven apparel",25140269,898432
2016-01,62,"Woven apparel",30389929,954492
2016-02,62,"Woven apparel",40741067,1305512
2016-03,62,"Woven apparel",40844730,1379581
2016-04,62,"Woven apparel",31905493,1099898
2016-05,62,"Woven apparel",26022414,956025
2016-06,62,"Woven apparel",40075385,1237477
2016-07,62,"Woven apparel",29351565,1126027
2016-08,62,"Woven apparel",23736986,951251
2016-09,62,"Woven apparel",16661879,726533
2016-10,62,"Woven apparel",12329381,514784
2016-11,62,"Woven apparel",15000037,598065
2016-12,62,"Woven apparel",24298007,899839
2017-01,62,"Woven apparel",31768646,1056426
2017-02,62,"Woven apparel",35094596,1100578
2017-03,62,"Woven apparel",44417082,1470556
2017-04,62,"Woven apparel",34140407,1225563
2017-05,62,"Woven apparel",29554764,1046966
2017-06,62,"Woven apparel",34592981,1268774
2017-07,62,"Woven apparel",27669325,1002653.0000000001
2017-08,62,"Woven apparel",24690782,983123
2017-09,62,"Woven apparel",15375352,658907
2017-10,62,"Woven apparel",12582627,518529
2017-11,62,"Woven apparel",16402554,690767
2017-12,62,"Woven apparel",21583839,797996
2018-01,62,"Woven apparel",33624275,1115896
2018-02,62,"Woven apparel",36135958,1234036
2018-03,62,"Woven apparel",40477406,1359630
2018-04,62,"Woven apparel",34301975,1221545
2018-05,62,"Woven apparel",27594916,1087821
2018-06,62,"Woven apparel",29871876,1097131
2018-07,62,"Woven apparel",29668648,998187.0000000001
2018-08,62,"Woven apparel",21688024,801406
2018-09,62,"Woven apparel",14457212,501606.00000000006
2018-10,62,"Woven apparel",11858489,426118.99999999994
2018-11,62,"Woven apparel",14881492,588543
2018-12,62,"Woven apparel",20264124,705627
2019-01,62,"Woven apparel",32997501,1037257
2019-02,62,"Woven apparel",38609917,1164330
2019-03,62,"Woven apparel",35405354,1194138
2019-04,62,"Woven apparel",37664687,1367806
2019-05,62,"Woven apparel",28579419,1061403
2019-06,62,"Woven apparel",30836778,1254904
2019-07,62,"Woven apparel",33553313,1102067
2019-08,62,"Woven apparel",22496804,848727
2019-09,62,"Woven apparel",14792310,603440
2019-10,62,"Woven apparel",13033846,476343
2019-11,62,"Woven apparel",14593570,570258
2019-12,62,"Woven apparel",19350796,678551
2020-01,62,"Woven apparel",30077347,959399
2020-02,62,"Woven apparel",36845943,1201280
2020-03,62,"Woven apparel",26577933,888120.9999999999
2020-04,62,"Woven apparel",16271811,687794
2020-05,62,"Woven apparel",12932543,442272.99999999994
2020-06,62,"Woven apparel",17567955,548064
2020-07,62,"Woven apparel",23148775,823815
2020-08,62,"Woven apparel",20643894,770206
2020-09,62,"Woven apparel",20312439,662539
2020-10,62,"Woven apparel",14112768,543667
2020-11,62,"Woven apparel",9983037,411343.99999999994
2020-12,62,"Woven apparel",14972997,640562
2021-01,62,"Woven apparel",23619740,826992
2021-02,62,"Woven apparel",30554394,1045183
2021-03,62,"Woven apparel",37813509,1378868
2021-04,62,"Woven apparel",26215502,1110083
2021-05,62,"Woven apparel",23911853,942432
2021-06,62,"Woven apparel",25449811,985062.0000000001
2021-07,62,"Woven apparel",24121095,817132
2021-08,62,"Woven apparel",20913557,766171
2021-09,62,"Woven apparel",16160673,681002
2021-10,62,"Woven apparel",13606935,586870
2021-11,62,"Woven apparel",16552647,679669
2021-12,62,"Woven apparel",19550371,696652
2022-01,62,"Woven apparel",31838726,1008714
2022-02,62,"Woven apparel",39598630,1166593
2022-03,62,"Woven apparel",46310766,1425024
2022-04,62,"Woven apparel",42482284,1460370
2022-05,62,"Woven apparel",43646821,1562053
2022-06,62,"Woven apparel",36154206,1144814
2022-07,62,"Woven apparel",30068655,913229.0000000001
2022-08,62,"Woven apparel",28236122,892737.0000000001
2022-09,62,"Woven apparel",23789224,917248
2022-10,62,"Woven apparel",20836270,748165
2022-11,62,"Woven apparel",20715558,693178
2022-12,62,"Woven apparel",28812821,933266
2023-01,62,"Woven apparel",40609601,1207139
2023-02,62,"Woven apparel",43693218,1240240
2023-03,62,"Woven apparel",43966828,1336931
2023-04,62,"Woven apparel",41909904,1397083
2023-05,62,"Woven apparel",36593505,1325927
2023-06,62,"Woven apparel",35487995,1151363
2023-07,62,"Woven apparel",34083743,1071945
2023-08,62,"Woven apparel",30727680,1124868
2023-09,62,"Woven apparel",19780274,733150
2023-10,62,"Woven apparel",20519527,793198
2023-11,62,"Woven apparel",21714826,800306
2023-12,62,"Woven apparel",21717892,763611
2024-01,62,"Woven apparel",31326442,894349
2024-02,62,"Woven apparel",47751329,1343602
2024-03,62,"Woven apparel",46183779,1481564
2024-04,62,"Woven apparel",43520123,1479456
2024-05,62,"Woven apparel",40406425,1546078
2024-06,62,"Woven apparel",30856303,1001287.0000000001
2024-07,62,"Woven apparel",36144800,1190040
2024-08,62,"Woven apparel",25674040,839398
2024-09,62,"Woven apparel",19450418,728580
2024-10,62,"Woven apparel",20721614,812716
2024-11,62,"Woven apparel",21250471,751737
2024-12,62,"Woven apparel",21419545,705223
2025-01,62,"Woven apparel",37131430,1079694
2025-02,62,"Woven apparel",45377599,1330579
2025-03,62,"Woven apparel",53241305,1806104
2025-04,62,"Woven apparel",50359719,1746481.0000000002
2025-05,62,"Woven apparel",37105983,1329680
2025-06,62,"Woven apparel",33465944,1086688
2025-07,62,"Woven apparel",37374651,1159203
2025-08,62,"Woven apparel",25434814,869312.9999999999
2025-09,62,"Woven apparel",22261446,788118
2025-10,62,"Woven apparel",16325216,572228
2025-11,62,"Woven apparel",18303827,656394
2025-12,62,"Woven apparel",24094248,673263
2026-01,62,"Woven apparel",37286662,998003.0000000001
2026-02,62,"Woven apparel",45209064,1341693
2026-03,62,"Woven apparel",45818403,1468688
2026-04,62,"Woven apparel",40723384,1235169
2026-05,62,"Woven apparel",31983131,997737.9999999999
2026-06,62,"Woven apparel",33632817,968021.9999999999
2011-01,63,"Made-ups / home textiles",7981793,1577033
2011-02,63,"Made-ups / home textiles",8832581,1977311
2011-03,63,"Made-ups / home textiles",10451712,2266286
2011-04,63,"Made-ups / home textiles",10952912,2162841
2011-05,63,"Made-ups / home textiles",10598148,2281363
2011-06,63,"Made-ups / home textiles",9178928,1947587
2011-07,63,"Made-ups / home textiles",9124251,1990189
2011-08,63,"Made-ups / home textiles",9748192,2159738
2011-09,63,"Made-ups / home textiles",10247892,2217799
2011-10,63,"Made-ups / home textiles",10106786,2039331.0000000002
2011-11,63,"Made-ups / home textiles",7619099,1339457
2011-12,63,"Made-ups / home textiles",7208466,1434455
2012-01,63,"Made-ups / home textiles",8615722,1633957
2012-02,63,"Made-ups / home textiles",8176638,1629772
2012-03,63,"Made-ups / home textiles",8758098,1677709.9999999998
2012-04,63,"Made-ups / home textiles",8547462,1807728
2012-05,63,"Made-ups / home textiles",7201025,1442354
2012-06,63,"Made-ups / home textiles",7895900,1696561
2012-07,63,"Made-ups / home textiles",9398190,1985331.0000000002
2012-08,63,"Made-ups / home textiles",9294752,2074623
2012-09,63,"Made-ups / home textiles",7175278,1511849
2012-10,63,"Made-ups / home textiles",9158011,1879646
2012-11,63,"Made-ups / home textiles",7142444,1420892
2012-12,63,"Made-ups / home textiles",5624648,1092857
2013-01,63,"Made-ups / home textiles",7503487,1490630
2013-02,63,"Made-ups / home textiles",7554011,1602640
2013-03,63,"Made-ups / home textiles",7855322,1541977
2013-04,63,"Made-ups / home textiles",8204176,1936513
2013-05,63,"Made-ups / home textiles",7042367,1650748
2013-06,63,"Made-ups / home textiles",7289097,1628992
2013-07,63,"Made-ups / home textiles",8996185,1913921
2013-08,63,"Made-ups / home textiles",9035142,2087968
2013-09,63,"Made-ups / home textiles",9090061,2032674.0000000002
2013-10,63,"Made-ups / home textiles",9170404,2129608
2013-11,63,"Made-ups / home textiles",8683635,1996636
2013-12,63,"Made-ups / home textiles",5851401,1367172
2014-01,63,"Made-ups / home textiles",8676866,2143008
2014-02,63,"Made-ups / home textiles",6793429,1493760
2014-03,63,"Made-ups / home textiles",9114735,2242277
2014-04,63,"Made-ups / home textiles",8776732,1962950.9999999998
2014-05,63,"Made-ups / home textiles",7949583,1944525
2014-06,63,"Made-ups / home textiles",8381446,1970541
2014-07,63,"Made-ups / home textiles",8393019,1924796
2014-08,63,"Made-ups / home textiles",8918205,1984541
2014-09,63,"Made-ups / home textiles",9349523,2097926
2014-10,63,"Made-ups / home textiles",10171917,2167187
2014-11,63,"Made-ups / home textiles",7472398,1515373
2014-12,63,"Made-ups / home textiles",6880903,1652307
2015-01,63,"Made-ups / home textiles",8600100,1775375
2015-02,63,"Made-ups / home textiles",8033855,1758779
2015-03,63,"Made-ups / home textiles",9782610,1938179
2015-04,63,"Made-ups / home textiles",9626204,2103637
2015-05,63,"Made-ups / home textiles",7736486,1612125
2015-06,63,"Made-ups / home textiles",8370557,1798396
2015-07,63,"Made-ups / home textiles",9627491,2115636
2015-08,63,"Made-ups / home textiles",8952311,2174124
2015-09,63,"Made-ups / home textiles",9014468,2069361
2015-10,63,"Made-ups / home textiles",12213664,2751318
2015-11,63,"Made-ups / home textiles",8036548,1856568.9999999998
2015-12,63,"Made-ups / home textiles",7642455,1559523
2016-01,63,"Made-ups / home textiles",7675511,1689973
2016-02,63,"Made-ups / home textiles",8742031,1709614
2016-03,63,"Made-ups / home textiles",10485187,2607519
2016-04,63,"Made-ups / home textiles",8932229,2130433
2016-05,63,"Made-ups / home textiles",8663545,2151978
2016-06,63,"Made-ups / home textiles",9717362,2107330
2016-07,63,"Made-ups / home textiles",8646604,2033668.9999999998
2016-08,63,"Made-ups / home textiles",9850297,2511415
2016-09,63,"Made-ups / home textiles",9702074,2298194
2016-10,63,"Made-ups / home textiles",8707923,1763063
2016-11,63,"Made-ups / home textiles",8206023,1852874.0000000002
2016-12,63,"Made-ups / home textiles",8212267,1796048
2017-01,63,"Made-ups / home textiles",9481996,2003032
2017-02,63,"Made-ups / home textiles",8393683,1760064
2017-03,63,"Made-ups / home textiles",11467584,2639130
2017-04,63,"Made-ups / home textiles",8980068,2168182
2017-05,63,"Made-ups / home textiles",10340767,2454168
2017-06,63,"Made-ups / home textiles",10000886,2401307
2017-07,63,"Made-ups / home textiles",8230311,2036348
2017-08,63,"Made-ups / home textiles",10109798,2574039
2017-09,63,"Made-ups / home textiles",12128443,3358833.9999999995
2017-10,63,"Made-ups / home textiles",11711244,2998796
2017-11,63,"Made-ups / home textiles",10089277,2633519
2017-12,63,"Made-ups / home textiles",8253389,1949371
2018-01,63,"Made-ups / home textiles",11435259,2999908
2018-02,63,"Made-ups / home textiles",11169811,2771591
2018-03,63,"Made-ups / home textiles",11791968,3085045
2018-04,63,"Made-ups / home textiles",10571032,2824052
2018-05,63,"Made-ups / home textiles",11214299,3367951
2018-06,63,"Made-ups / home textiles",8824243,2148532
2018-07,63,"Made-ups / home textiles",12086438,3169723
2018-08,63,"Made-ups / home textiles",9803090,2235743
2018-09,63,"Made-ups / home textiles",12850525,3327323.0000000005
2018-10,63,"Made-ups / home textiles",11856299,2923585
2018-11,63,"Made-ups / home textiles",10562896,2655844
2018-12,63,"Made-ups / home textiles",7742483,1804090.0000000002
2019-01,63,"Made-ups / home textiles",12583145,3065104
2019-02,63,"Made-ups / home textiles",10402786,2445085
2019-03,63,"Made-ups / home textiles",9432801,2482157
2019-04,63,"Made-ups / home textiles",12220227,3122493
2019-05,63,"Made-ups / home textiles",11693010,3103431
2019-06,63,"Made-ups / home textiles",9785199,2351450
2019-07,63,"Made-ups / home textiles",12152727,2757721
2019-08,63,"Made-ups / home textiles",10455112,2542962
2019-09,63,"Made-ups / home textiles",10485906,2645763
2019-10,63,"Made-ups / home textiles",10760034,2767750
2019-11,63,"Made-ups / home textiles",9418047,2521162
2019-12,63,"Made-ups / home textiles",7318809,1716934.9999999998
2020-01,63,"Made-ups / home textiles",8874964,1893620
2020-02,63,"Made-ups / home textiles",14202329,3547242
2020-03,63,"Made-ups / home textiles",11740634,2941681
2020-04,63,"Made-ups / home textiles",8718535,2284073
2020-05,63,"Made-ups / home textiles",3262029,738725
2020-06,63,"Made-ups / home textiles",5588319,1412718
2020-07,63,"Made-ups / home textiles",8160399,2197394
2020-08,63,"Made-ups / home textiles",9894926,2438008
2020-09,63,"Made-ups / home textiles",9032028,2210384
2020-10,63,"Made-ups / home textiles",11752905,2947076
2020-11,63,"Made-ups / home textiles",9757710,2642634
2020-12,63,"Made-ups / home textiles",10236878,2623789
2021-01,63,"Made-ups / home textiles",10687554,2830978
2021-02,63,"Made-ups / home textiles",11225412,2622120
2021-03,63,"Made-ups / home textiles",14436141,3849266.0000000005
2021-04,63,"Made-ups / home textiles",15905831,4250521
2021-05,63,"Made-ups / home textiles",13034629,3190122
2021-06,63,"Made-ups / home textiles",13814712,3327426
2021-07,63,"Made-ups / home textiles",12783364,3057310
2021-08,63,"Made-ups / home textiles",14140895,3499846
2021-09,63,"Made-ups / home textiles",15550637,3334621
2021-10,63,"Made-ups / home textiles",20302084,4782714
2021-11,63,"Made-ups / home textiles",17626692,3597392
2021-12,63,"Made-ups / home textiles",12935627,2443654
2022-01,63,"Made-ups / home textiles",16469490,3446123.0000000005
2022-02,63,"Made-ups / home textiles",13897325,2534354
2022-03,63,"Made-ups / home textiles",16537248,3373997
2022-04,63,"Made-ups / home textiles",14513852,2930568
2022-05,63,"Made-ups / home textiles",15961584,3285371
2022-06,63,"Made-ups / home textiles",18807951,3803337.0000000005
2022-07,63,"Made-ups / home textiles",12953261,2445702
2022-08,63,"Made-ups / home textiles",19284362,3607740
2022-09,63,"Made-ups / home textiles",17219291,2902836
2022-10,63,"Made-ups / home textiles",18207450,3323896
2022-11,63,"Made-ups / home textiles",12810221,2156513
2022-12,63,"Made-ups / home textiles",11944516,2235718
2023-01,63,"Made-ups / home textiles",14180368,2743038
2023-02,63,"Made-ups / home textiles",12789441,2416735
2023-03,63,"Made-ups / home textiles",12650449,2414216
2023-04,63,"Made-ups / home textiles",12929505,2978767
2023-05,63,"Made-ups / home textiles",13790813,3443251
2023-06,63,"Made-ups / home textiles",14791156,3212592
2023-07,63,"Made-ups / home textiles",12233059,2629025
2023-08,63,"Made-ups / home textiles",12374566,3026663
2023-09,63,"Made-ups / home textiles",13839413,2843557
2023-10,63,"Made-ups / home textiles",12726545,2979452
2023-11,63,"Made-ups / home textiles",10982257,2497412
2023-12,63,"Made-ups / home textiles",10551442,2437820
2024-01,63,"Made-ups / home textiles",11108586,2561334
2024-02,63,"Made-ups / home textiles",12850940,2496862
2024-03,63,"Made-ups / home textiles",12889279,2851591
2024-04,63,"Made-ups / home textiles",13367258,3217827
2024-05,63,"Made-ups / home textiles",16164195,3726141.0000000005
2024-06,63,"Made-ups / home textiles",14291613,3226215
2024-07,63,"Made-ups / home textiles",15060872,3723126
2024-08,63,"Made-ups / home textiles",12055856,2562095
2024-09,63,"Made-ups / home textiles",16152459,3493219.9999999995
2024-10,63,"Made-ups / home textiles",17519943,3697923.0000000005
2024-11,63,"Made-ups / home textiles",15612151,3625664
2024-12,63,"Made-ups / home textiles",13187699,2682608
2025-01,63,"Made-ups / home textiles",15696643,3283806
2025-02,63,"Made-ups / home textiles",15855066,3122754
2025-03,63,"Made-ups / home textiles",18590121,3948150
2025-04,63,"Made-ups / home textiles",16284646,3283183
2025-05,63,"Made-ups / home textiles",19573302,4102001.9999999995
2025-06,63,"Made-ups / home textiles",12426492,2957175
2025-07,63,"Made-ups / home textiles",15918962,3921017
2025-08,63,"Made-ups / home textiles",13282359,3593162.0000000005
2025-09,63,"Made-ups / home textiles",14402441,3887807
2025-10,63,"Made-ups / home textiles",15904811,3984340
2025-11,63,"Made-ups / home textiles",15761908,4705192
2025-12,63,"Made-ups / home textiles",14120662,3698610
2026-01,63,"Made-ups / home textiles",14407373,3742491.0000000005
2026-02,63,"Made-ups / home textiles",13908351,3391596
2026-03,63,"Made-ups / home textiles",15548079,3799980.0000000005
2026-04,63,"Made-ups / home textiles",12529312,2874989
2026-05,63,"Made-ups / home textiles",15356556,4200430
2026-06,63,"Made-ups / home textiles",14615618,3539417
2011-01,64,"Footwear",12037100,748286
2011-02,64,"Footwear",15370173,992666
2011-03,64,"Footwear",18106902,1115251
2011-04,64,"Footwear",12701216,757081
2011-05,64,"Footwear",7987515,492853
2011-06,64,"Footwear",10178215,651979
2011-07,64,"Footwear",11875898,782034
2011-08,64,"Footwear",15571275,991782
2011-09,64,"Footwear",10939224,738261
2011-10,64,"Footwear",7715273,541913
2011-11,64,"Footwear",6463032,419279
2011-12,64,"Footwear",10673439,630210
2012-01,64,"Footwear",12859386,734834
2012-02,64,"Footwear",14363153,855235
2012-03,64,"Footwear",12472898,696132
2012-04,64,"Footwear",8590693,481343.99999999994
2012-05,64,"Footwear",6685130,401897
2012-06,64,"Footwear",9275191,574064
2012-07,64,"Footwear",11183996,671623
2012-08,64,"Footwear",14478150,846558
2012-09,64,"Footwear",10300281,561869
2012-10,64,"Footwear",7638648,466795
2012-11,64,"Footwear",5937200,355462
2012-12,64,"Footwear",9056474,561453
2013-01,64,"Footwear",12895770,734253
2013-02,64,"Footwear",15824772,870068
2013-03,64,"Footwear",16015944,889812.0000000001
2013-04,64,"Footwear",12794877,753916
2013-05,64,"Footwear",7781477,460747
2013-06,64,"Footwear",8618084,496118
2013-07,64,"Footwear",12926311,724456
2013-08,64,"Footwear",15993018,907136
2013-09,64,"Footwear",12332173,713310
2013-10,64,"Footwear",7642360,460312
2013-11,64,"Footwear",6156260,371439
2013-12,64,"Footwear",10342073,603325
2014-01,64,"Footwear",15592914,931140
2014-02,64,"Footwear",14393013,760469
2014-03,64,"Footwear",18207010,1030553.0000000001
2014-04,64,"Footwear",12184999,640242
2014-05,64,"Footwear",10677217,664210
2014-06,64,"Footwear",11691014,656330
2014-07,64,"Footwear",16449559,984012.0000000001
2014-08,64,"Footwear",15689133,875048
2014-09,64,"Footwear",13856747,751576
2014-10,64,"Footwear",9233899,557436
2014-11,64,"Footwear",6723272,388033
2014-12,64,"Footwear",11988697,724775
2015-01,64,"Footwear",17310718,967117
2015-02,64,"Footwear",16359868,914194
2015-03,64,"Footwear",17714210,930734
2015-04,64,"Footwear",14265248,818545
2015-05,64,"Footwear",10464125,545262
2015-06,64,"Footwear",13596935,705114
2015-07,64,"Footwear",15902065,838662.9999999999
2015-08,64,"Footwear",15180574,815532
2015-09,64,"Footwear",10609442,565269
2015-10,64,"Footwear",8516440,475910.99999999994
2015-11,64,"Footwear",12491187,562992
2015-12,64,"Footwear",12267293,607153
2016-01,64,"Footwear",14824004,707328
2016-02,64,"Footwear",18914742,876861
2016-03,64,"Footwear",18899457,877762.0000000001
2016-04,64,"Footwear",13000382,650300
2016-05,64,"Footwear",9507921,456812
2016-06,64,"Footwear",11945295,599229
2016-07,64,"Footwear",14379474,743237
2016-08,64,"Footwear",14643020,748456
2016-09,64,"Footwear",15258284,795534
2016-10,64,"Footwear",8160143,446643
2016-11,64,"Footwear",8394372,458272
2016-12,64,"Footwear",9841326,545812
2017-01,64,"Footwear",13222585,606897
2017-02,64,"Footwear",19304303,907779.0000000001
2017-03,64,"Footwear",17153217,857554.9999999999
2017-04,64,"Footwear",12824456,657081
2017-05,64,"Footwear",12045460,642151
2017-06,64,"Footwear",13782501,654823
2017-07,64,"Footwear",16154795,833307
2017-08,64,"Footwear",15012612,757994
2017-09,64,"Footwear",12568269,672823
2017-10,64,"Footwear",8992643,500160.00000000006
2017-11,64,"Footwear",8123095,401926
2017-12,64,"Footwear",9819787,546689
2018-01,64,"Footwear",17780005,833942
2018-02,64,"Footwear",17708550,819812.0000000001
2018-03,64,"Footwear",20721621,1045137.9999999999
2018-04,64,"Footwear",13213748,706584
2018-05,64,"Footwear",11972722,647262
2018-06,64,"Footwear",9970115,509667
2018-07,64,"Footwear",16998562,861176
2018-08,64,"Footwear",16786700,855358
2018-09,64,"Footwear",11874752,667968
2018-10,64,"Footwear",9214300,500029
2018-11,64,"Footwear",6661929,366783
2018-12,64,"Footwear",7197224,360825
2019-01,64,"Footwear",18045138,919129.9999999999
2019-02,64,"Footwear",17360096,838466
2019-03,64,"Footwear",15979147,756810
2019-04,64,"Footwear",14882707,759961
2019-05,64,"Footwear",9740628,522126
2019-06,64,"Footwear",9944685,504914.99999999994
2019-07,64,"Footwear",15485449,765531
2019-08,64,"Footwear",15344547,838721.9999999999
2019-09,64,"Footwear",11064559,572755
2019-10,64,"Footwear",8186021,536020
2019-11,64,"Footwear",7337567,379523
2019-12,64,"Footwear",8527503,396583
2020-01,64,"Footwear",13349830,645867
2020-02,64,"Footwear",17490299,835400
2020-03,64,"Footwear",15687718,741350
2020-04,64,"Footwear",9416824,552700
2020-05,64,"Footwear",4424245,229839
2020-06,64,"Footwear",7180349,308233
2020-07,64,"Footwear",9535634,449225
2020-08,64,"Footwear",11129644,554643
2020-09,64,"Footwear",15558898,793902
2020-10,64,"Footwear",9973500,594954
2020-11,64,"Footwear",5654078,346723
2020-12,64,"Footwear",6257184,352319
2021-01,64,"Footwear",12532465,662223
2021-02,64,"Footwear",13022291,696710
2021-03,64,"Footwear",18132668,897220.0000000001
2021-04,64,"Footwear",10779480,532045
2021-05,64,"Footwear",9843619,541076
2021-06,64,"Footwear",7552904,383123
2021-07,64,"Footwear",10945750,611983
2021-08,64,"Footwear",11731115,570266
2021-09,64,"Footwear",10883931,561303
2021-10,64,"Footwear",10678532,547542
2021-11,64,"Footwear",9661929,486514.99999999994
2021-12,64,"Footwear",8018441,378910
2022-01,64,"Footwear",13584379,621501
2022-02,64,"Footwear",13814864,625145
2022-03,64,"Footwear",18284858,795259
2022-04,64,"Footwear",15560396,683148
2022-05,64,"Footwear",15499239,712362
2022-06,64,"Footwear",11213883,499647.99999999994
2022-07,64,"Footwear",11443021,499110.99999999994
2022-08,64,"Footwear",17202466,783308
2022-09,64,"Footwear",16454595,709512
2022-10,64,"Footwear",10840986,501725
2022-11,64,"Footwear",9297480,391901
2022-12,64,"Footwear",11859016,524329
2023-01,64,"Footwear",14857363,648386
2023-02,64,"Footwear",15865997,663269
2023-03,64,"Footwear",16082905,625101
2023-04,64,"Footwear",11986463,557647
2023-05,64,"Footwear",8607477,414433
2023-06,64,"Footwear",10801810,551274
2023-07,64,"Footwear",12128968,584859
2023-08,64,"Footwear",13853838,668812
2023-09,64,"Footwear",11460866,584592
2023-10,64,"Footwear",8926024,417656.00000000006
2023-11,64,"Footwear",6924359,296867
2023-12,64,"Footwear",7447722,319693
2024-01,64,"Footwear",10852345,437628
2024-02,64,"Footwear",12501913,524425
2024-03,64,"Footwear",17114027,773624
2024-04,64,"Footwear",13165051,578296
2024-05,64,"Footwear",9346816,420539.99999999994
2024-06,64,"Footwear",6882701,262056
2024-07,64,"Footwear",10443684,432768
2024-08,64,"Footwear",12091152,558970
2024-09,64,"Footwear",13869586,658385
2024-10,64,"Footwear",10795425,532823
2024-11,64,"Footwear",9984420,489137
2024-12,64,"Footwear",6928477,314857
2025-01,64,"Footwear",12655066,484966
2025-02,64,"Footwear",13658099,541688
2025-03,64,"Footwear",15389812,682561
2025-04,64,"Footwear",16957000,720721
2025-05,64,"Footwear",13242335,588915
2025-06,64,"Footwear",6887650,285692
2025-07,64,"Footwear",11637150,533504
2025-08,64,"Footwear",12489209,597761
2025-09,64,"Footwear",14416838,650729
2025-10,64,"Footwear",9241569,455732
2025-11,64,"Footwear",5725397,273659
2025-12,64,"Footwear",6007698,293586
2026-01,64,"Footwear",9532491,388551
2026-02,64,"Footwear",10744980,442376
2026-03,64,"Footwear",13964215,637857
2026-04,64,"Footwear",8504237,406554
2026-05,64,"Footwear",6057824,303107
2026-06,64,"Footwear",5576474,268537
